id_persona,numero_exterior,cp,calle,fecha_nacimiento,nombre,apellido_paterno,apellido_materno
1240368,66952,22011,Mallory,16/04/2005,Hannis,Purdom,Cicculini
1362601,42,85633,Oneill,03/07/2014,Billi,Ruskin,Dufer
3750790,95,41640,Dwight,13/11/1973,Mechelle,Houchen,Frere
3607807,23,49097,Forest,06/08/1994,Karena,Plomer,Cready
9910843,07,14121,Arizona,25/05/1982,Gifford,Gergher,Gergler
4722695,1118,14138,Commercial,27/02/2017,Dag,Syce,Peery
6596016,32726,34422,Harper,10/11/2017,Kalvin,Letixier,Delacroix
2878518,85,68651,Lillian,02/05/1996,Federica,Rodell,Jammet
7531600,4967,75821,Roxbury,14/11/1986,Lyndell,Brade,Dearan
1054666,847,60081,Washington,13/06/1990,Clementia,Gravey,Ambrosi
935436,25,38708,Grasskamp,19/04/2009,Obidiah,Butler-Bowdon,Lattimer
3499644,8,26237,Marcy,20/02/1987,Eduardo,Romagnosi,Yashunin
9749297,781,70373,Monterey,06/02/2010,Pascal,Seatter,Andress
1152741,6,13494,Anthes,07/02/2015,Izzy,Vandrill,Thirst
5681644,30,38931,Haas,15/04/1979,Chadwick,Aidler,Batrop
7263347,97307,85405,Jana,30/12/1983,Suzy,Rosenberger,Kohrding
102232,61400,62395,Lawn,01/08/1988,Tabbie,Shaughnessy,Persicke
9575756,499,42962,Debs,09/02/1971,Emlen,O''Sheeryne,Becconsall
8101280,863,95108,Oxford,05/05/2003,Eugenia,May,Barnfield
314371,80024,34557,Eagle Crest,02/10/2001,Willy,Pink,Guinnane
269125,5,68299,Hintze,24/05/2008,Raddie,Andriolli,Templeton
8396289,3909,13217,David,29/01/1983,Che,Willicott,Luscott
3622724,160,79359,Schurz,01/10/1976,Concordia,Kerwick,Wyss
856255,76,82805,Hoard,10/07/2001,Marylynne,Riveles,McSweeney
4141563,67441,20674,Glendale,03/12/2002,Tiffy,Davidsohn,Kigelman
8459870,231,58098,Myrtle,11/08/1975,Frankie,Landis,Flooks
929646,59,30745,Fuller,25/11/1972,Ailyn,Kincaid,Frunks
9928109,853,48964,Namekagon,08/01/2015,Neil,Messiter,Paal
5911221,833,11203,Center,19/12/2021,Susan,Solomonides,Haitlie
5355024,3122,97228,Maple Wood,14/04/1978,Dniren,Pearne,Colvine
1224409,42,14123,Lien,09/02/1999,Galvan,Calrow,Desorts
3427812,02,65776,Welch,26/02/1987,Mariette,Gutierrez,Statter
9814538,787,53854,Morningstar,07/04/2014,Nanette,Braiden,Sinnock
2694450,348,11918,Dwight,07/10/2011,Roscoe,Brister,Blundon
9101020,918,82134,Messerschmidt,06/04/1982,Jacquenette,Blumer,Corah
747477,4,40221,Mesta,13/05/2004,Ruthe,Delort,Kief
7051634,0,64507,Loeprich,15/03/2004,Rance,Brookz,Tillerton
9942308,47,73138,2nd,23/11/1973,Eleanor,Quiney,Pickering
2802220,8771,62438,Larry,03/12/2001,Frederich,Wasielewski,Worsall
5380554,0355,26846,Dottie,13/11/2005,Keely,Girardini,O''Corrin
1763989,393,94177,Corben,23/01/1998,Robyn,Trew,Ingold
8341996,1,85074,Marcy,01/06/1978,Maggy,Nix,Smees
3741995,759,12254,Dovetail,18/02/1981,Leone,Aloshkin,Lorenc
1852029,0,51581,Reindahl,18/09/2008,Farrah,Blakeston,Osboldstone
8803133,38,78307,Manufacturers,16/10/1997,Dolli,Clapshaw,Haglinton
5663270,3364,28646,Michigan,13/11/2021,Raffarty,Tassaker,Windrum
5281386,6645,92369,Dawn,03/02/2011,Redford,Swanwick,Denyakin
3929379,7,13108,5th,04/11/2018,Roseanne,MacTrusty,Samuels
1763979,009,19611,Pearson,09/07/1982,Gianina,Chastey,Stiggers
9974483,7,37763,Moose,22/06/2009,Tobe,Puve,Girt
981883,3372,27130,Upham,10/02/1976,Zacharia,Iori,Cappell
3632256,347,20245,Golf,11/11/2004,Bary,Isaak,Euesden
5036535,2,22645,Hoepker,25/11/1980,Herbie,Timblett,Bonwick
4242585,15,46459,Johnson,28/01/2017,Robinia,Fildery,Roseveare
1302201,70122,79624,Waxwing,14/08/1980,Micky,Brankley,Dunnion
7767238,8,49839,Lyons,03/05/1979,Crichton,Nipper,Zanetti
7074052,36273,41444,Gulseth,28/07/2011,Faydra,Spadaro,Titchener
6205859,845,91918,Reindahl,22/08/2005,Edna,Marioneau,Curragh
4475616,68580,59838,Delaware,03/09/1983,Mandie,Felgat,Andrault
5222966,8173,16994,Brickson Park,03/01/1986,Desirae,Lacase,Setterfield
2859738,3,34450,Laurel,12/02/2004,Edd,Seyfart,Jude
2236404,4,21737,Sundown,19/09/1982,Ennis,Grahl,Moxom
572410,50151,66127,Coleman,20/04/2015,Batsheva,Pembridge,Stolte
8417282,26711,93789,Kropf,23/06/2002,Stephan,Goulding,Aucoate
3187129,446,35275,Schlimgen,06/12/2007,Tally,Stodhart,Aveson
1869301,2,98460,Fairview,06/07/2011,Hussein,Ragless,Schulze
1940154,7,44993,Gina,30/10/1981,Scot,Berford,Southorn
1720730,18390,78469,Independence,18/07/2022,Jen,Uttridge,Pinnere
771745,39406,21929,Everett,18/09/1987,Henriette,Stannett,Yaxley
1747850,697,87597,Aberg,29/08/1977,Sadella,Goggin,Stern
1741118,15772,37573,3rd,22/12/2017,Ardeen,Kingerby,Radborn
5105846,504,59732,Blackbird,03/07/2020,Consalve,Ickovici,McMennum
5455302,8660,99489,Hanover,14/07/2003,Danella,Sharrard,Georgel
9801933,0986,45879,Pine View,24/04/1980,Bernie,Yeoland,Kirtland
2448120,2443,19995,Stuart,05/01/2014,Crosby,Caldwell,Cunrado
2832514,99,43869,Sheridan,29/04/2001,Beitris,Fendlow,Lacrouts
7154170,5,87308,Meadow Ridge,21/07/1985,Devonne,Ghidini,Callow
2561841,375,69944,Scofield,20/04/1981,Hi,Barfford,Eckford
6814172,820,37248,Almo,13/12/1972,Hans,Cella,Parell
6275862,2734,29804,Lindbergh,14/05/1994,Farand,Byatt,Deeny
1536288,5594,83242,Dryden,05/02/1998,Gregorius,Bence,Leakner
8666903,2882,53332,Caliangt,18/10/2018,Brooks,Oddie,Burnsall
5116787,459,23408,Helena,19/08/1989,Brita,Saunier,Hovell
1342082,500,84226,Washington,08/12/1970,Nickolas,Withinshaw,Kiffin
5271337,9792,58357,Mandrake,08/03/2014,Fritz,Greenlies,Kingsnode
1304092,341,82371,Vera,17/11/2018,Garrett,Ayliffe,Rabidge
2729370,1,52683,Ridgeview,24/05/1981,Neron,Calkin,Panketh
4682527,4,13292,Stone Corner,06/09/1988,Korrie,Simkin,German
8637019,41481,70863,Rutledge,04/03/1995,Viviyan,Scothorne,Dudny
8634623,97,68789,Milwaukee,03/03/1992,Brendis,Blagburn,Jotcham
4509031,1,49408,Mandrake,07/11/1983,Rafaellle,Barkshire,Venable
5062967,82,28135,Eliot,22/02/1975,Milo,Blethin,Slyvester
7525574,2,71059,Mallory,14/06/1987,Jose,Piggford,Fuchs
5378129,7322,55807,Carioca,03/01/2018,Cornelius,Bilsford,Addeycott
6927900,48,14480,Glacier Hill,16/08/1977,Nicolette,Klosser,Palfree
2120108,39097,86834,Maywood,29/10/2006,Gonzales,O''Harney,Cartledge
2810211,974,41376,Lindbergh,15/01/2003,Ruttger,Lindhe,Elie
8738562,671,60324,Ramsey,10/12/1990,Andromache,Shuter,Gudyer
3742066,5,50886,Artisan,24/12/1972,Wendy,Whitefoot,Fleckness
8302254,88,91158,Old Shore,26/08/1983,Lazarus,McSpirron,Olivello
2404806,752,61816,Warbler,27/08/2007,Arlin,Tolomei,Esbrook
341565,383,61627,Mandrake,14/11/1992,Tiffi,Highnam,Eisenberg
7776402,9,71019,Manley,02/01/2021,Josiah,Gunner,Eakin
8534194,71,47475,Iowa,05/01/1994,Petey,Nickoll,McGarvie
3381755,65,20286,Roxbury,27/08/2007,Kellie,Flott,Pumphreys
9064392,8701,31042,Anthes,06/08/1979,Orsa,Cookes,Manueli
9312199,18857,84574,Vermont,26/01/1984,Wren,Grigolashvill,Chasson
9376516,50,62338,Bay,19/12/1972,Thelma,Conklin,Vaughten
6596252,9767,41827,Gerald,04/03/2021,Hillel,Sibbit,Sivyour
7315146,33,38767,Thackeray,05/11/2005,Rafaela,Lansbury,Selwin
1160660,07271,67870,Bellgrove,03/07/2017,Abran,Cheasman,MacIlory
6375445,03,15338,Tony,26/08/1984,Eliza,Lissimore,Fyndon
6557578,871,57456,Summer Ridge,22/03/2001,Andrus,Poxon,Stennings
7770903,5,11076,Hudson,21/10/2012,Arri,Le Friec,Lamswood
6598804,7284,62880,Delaware,14/01/2022,Oliviero,Rolls,Naul
6513400,6307,23693,Texas,27/03/2020,Haley,Vere,Pedley
3348884,8,52019,Morrow,07/05/1998,Hamnet,Cowdroy,Cankett
3345571,6719,85583,Novick,14/11/1972,Vladamir,Millwater,Kybird
3160128,367,34868,Sugar,22/12/2020,Gradeigh,Dacey,Fellman
9471288,094,92489,Sunnyside,20/03/2022,Ferdinanda,Tome,Reay